

<feed xmlns="http://www.w3.org/2005/Atom">
  <id>http://localhost:4000/</id>
  <title>Portfolio</title>
  <subtitle></subtitle>
  <updated>2023-11-09T12:46:24+01:00</updated>
  <author>
    <name>Moire Bordier Steven</name>
    <uri>http://localhost:4000/</uri>
  </author>
  <link rel="self" type="application/atom+xml" href="http://localhost:4000/feed.xml"/>
  <link rel="alternate" type="text/html" hreflang="en"
    href="http://localhost:4000/"/>
  <generator uri="https://jekyllrb.com/" version="4.3.2">Jekyll</generator>
  <rights> © 2023 Moire Bordier Steven </rights>
  <icon>/assets/img/favicons/favicon.ico</icon>
  <logo>/assets/img/favicons/favicon-96x96.png</logo>


  
  <entry>
    <title>Présentation de mon portfolio</title>
    <link href="http://localhost:4000/posts/Hello-portfolio/" rel="alternate" type="text/html" title="Présentation de mon portfolio" />
    <published>2023-11-09T07:00:00+01:00</published>
  
    <updated>2023-11-09T07:00:00+01:00</updated>
  
    <id>http://localhost:4000/posts/Hello-portfolio/</id>
    <content src="http://localhost:4000/posts/Hello-portfolio/" />
    <author>
      <name>Moire Bordier Steven</name>
    </author>

  
    
    <category term="Présentation" />
    
  

  
    <summary>
      





      Bienvenue sur Mon Portfolio

À propos de moi

Je suis passionné par le domaine de la Date et spécialisé(e) dans l’analyse de donnée. Mon parcours unique allie créativité et expertise technique.

Projets récents

[Projet 1]

  Description brève du projet
  Technologies utilisées : [Liste des technologies]


Compétences


  Compétence 1


Contact

N’hésitez pas à me contacter à [steven.bordier@gm...
    </summary>
  

  </entry>

</feed>


